City_ID,City,Lat,Lng,Max Temp,Humidity,Cloudiness,Wind Speed,Country,Date
0,invercargill,-46.4,168.35,19.45,65,100,3.13,NZ,1712627667
1,san nicolas de los arroyos,-33.3358,-60.2252,16.49,96,4,2.1,AR,1712627631
2,farasan,16.7022,42.1183,28.37,74,59,1.78,SA,1712627667
3,constantia,44.1833,28.65,10.39,69,0,2.62,RO,1712627554
4,arraial do cabo,-22.9661,-42.0278,24.98,83,40,4.63,BR,1712627393
5,aasiaat,68.7098,-52.8699,-13.03,96,85,2.08,GL,1712627476
6,cestos city,5.46,-9.5828,27.77,82,99,2.2,LR,1712627668
7,fale old settlement,-9.3852,-171.2468,30.12,73,12,4.72,TK,1712627668
8,hawaiian paradise park,19.5933,-154.9731,23.82,83,100,1.79,US,1712627668
9,thompson,55.7435,-97.8558,12.09,17,20,1.54,CA,1712627460
10,port-aux-francais,-49.35,70.2167,8.09,85,100,16.1,TF,1712627668
11,onokhoy,51.932,108.0747,4.86,44,17,2.55,RU,1712627668
12,ilulissat,69.2167,-51.1,-10.99,73,75,1.54,GL,1712627668
13,queenstown,-31.8976,26.8753,11.88,86,36,2.27,ZA,1712627661
14,bayramaly,37.6185,62.1671,16.86,50,100,5.48,TM,1712627560
15,grytviken,-54.2811,-36.5092,1.05,95,100,2.67,GS,1712627668
16,margaret river,-33.95,115.0667,18.65,50,4,5.48,AU,1712627668
17,adrar,20.5022,-10.0711,20.14,27,0,4.33,MR,1712627668
18,i-n-salah,27.1935,2.4607,28.4,8,34,2.11,DZ,1712627668
19,terra roxa,-23.8557,-50.0314,18.74,98,46,1.2,BR,1712627668
20,santa ines,-3.6667,-45.38,24.21,95,100,1.58,BR,1712627668
21,puerto natales,-51.7236,-72.4875,3.16,81,32,6.09,CL,1712627477
22,bethel,41.3712,-73.414,13.52,44,20,2.06,US,1712627669
23,fortuna,40.5982,-124.1573,12.19,80,75,5.66,US,1712627669
24,mukalla,14.5425,49.1242,25.75,80,86,2.84,YE,1712627613
25,yinchuan,38.4681,106.2731,16.15,36,100,0.2,CN,1712627669
26,port mathurin,-19.6833,63.4167,26.63,78,72,3.39,MU,1712627669
27,edinburgh of the seven seas,-37.0676,-12.3116,18.83,91,100,12.9,SH,1712627459
28,port elizabeth,-33.918,25.5701,18.39,95,91,2.68,ZA,1712627669
29,petropavlovsk-kamchatsky,53.0452,158.6483,2.47,82,75,3.0,RU,1712627549
30,tiksi,71.6872,128.8694,-7.98,83,100,9.96,RU,1712627669
31,acajutla,13.5928,-89.8275,28.54,78,49,3.36,SV,1712627669
32,zheleznogorsk-ilimskiy,56.5768,104.1217,-3.2,76,21,1.73,RU,1712627669
33,bamboo flat,11.7,92.7167,29.05,84,15,1.03,IN,1712627669
34,gebeit,21.0667,36.3167,17.63,37,100,2.14,SD,1712627669
35,waitangi,-43.9535,-176.5597,15.46,80,70,3.13,NZ,1712627452
36,sarandi,-23.4436,-51.8739,23.75,88,20,3.6,BR,1712627426
37,booue,-0.0921,11.9385,23.32,99,98,0.11,GA,1712627669
38,vernon,50.2581,-119.2691,11.2,57,100,3.6,CA,1712627670
39,lubango,-14.9172,13.4925,14.92,100,100,0.51,AO,1712627670
40,bilibino,68.0546,166.4372,-10.13,70,79,1.52,RU,1712627447
41,gadzhiyevo,69.2551,33.3362,-3.72,95,100,4.28,RU,1712627481
42,wailua homesteads,22.0669,-159.378,27.24,77,0,6.69,US,1712627670
43,yellowknife,62.456,-114.3525,2.29,75,40,5.14,CA,1712627392
44,richards bay,-28.783,32.0377,20.36,89,7,6.37,ZA,1712627447
45,tralee,52.2704,-9.7026,6.95,70,5,9.05,IE,1712627670
46,cole harbour,44.6724,-63.4751,7.77,56,41,1.79,CA,1712627670
47,tazovsky,67.4667,78.7,-19.06,95,45,4.13,RU,1712627525
48,albany,42.6001,-73.9662,12.36,57,72,0.89,US,1712627537
49,keflavik,64.0049,-22.5624,0.24,74,0,9.26,IS,1712627488
50,sarakhs,36.5449,61.1577,16.71,48,99,5.89,IR,1712627670
51,olonkinbyen,70.9221,-8.7187,-3.91,62,91,6.99,SJ,1712627670
52,udachny,66.4167,112.4,-5.31,70,100,9.26,RU,1712627670
53,jamestown,42.097,-79.2353,11.37,72,28,1.86,US,1712627640
54,adamstown,-25.066,-130.1015,23.76,75,90,4.93,PN,1712627671
55,blackmans bay,-43.0167,147.3167,14.18,56,55,2.24,AU,1712627671
56,longview,32.5007,-94.7405,21.14,90,100,4.12,US,1712627383
57,berezovyy,51.6667,135.7,3.74,46,95,1.63,RU,1712627543
58,ushuaia,-54.8,-68.3,1.81,69,0,3.09,AR,1712627671
59,nuuk,64.1835,-51.7216,-3.66,80,20,4.12,GL,1712627565
60,iqaluit,63.7506,-68.5145,-14.15,71,75,5.66,CA,1712627520
61,gamboma,-1.8764,15.8644,22.73,91,100,0.74,CG,1712627671
62,acarau,-2.8856,-40.12,24.52,87,100,2.74,BR,1712627462
63,aroma,15.8167,36.1333,24.67,11,60,4.58,SD,1712627671
64,egilsstadir,65.2653,-14.3948,-0.05,100,100,3.6,IS,1712627671
65,kadnikov,59.5022,40.338,7.12,95,100,2.49,RU,1712627671
66,georgetown,5.4112,100.3354,30.96,79,20,1.54,MY,1712627580
67,aykhal,66.0,111.5,-7.23,81,100,10.05,RU,1712627671
68,hadibu,12.65,54.0333,26.07,76,87,1.72,YE,1712627672
69,tamanrasset,22.785,5.5228,23.95,10,1,4.63,DZ,1712627672
70,damghan,36.1683,54.348,12.41,54,3,1.26,IR,1712627672
71,skelleftea,64.7507,20.9528,-2.78,100,7,1.54,SE,1712627672
72,papatowai,-46.5619,169.4708,17.4,64,100,3.61,NZ,1712627672
73,avarua,-21.2078,-159.775,28.03,78,75,5.14,CK,1712627396
74,fisterra,42.9049,-9.2629,10.97,61,10,7.43,ES,1712627475
75,susuman,62.7833,148.1667,-10.01,80,98,1.34,RU,1712627535
76,baukau,51.5526,7.2042,19.01,76,100,1.81,DE,1712627672
77,al kharj,24.155,47.3346,22.32,51,100,6.47,SA,1712627672
78,newman,37.3138,-121.0208,21.13,50,0,2.24,US,1712627672
79,ribeira grande,38.5167,-28.7,17.1,96,77,7.15,PT,1712627672
80,anadyr,64.75,177.4833,-9.72,61,98,8.0,RU,1712627673
81,rosalie,15.3667,-61.2667,22.39,74,0,2.68,DM,1712627673
82,dunedin,-45.8742,170.5036,18.78,53,100,2.68,NZ,1712627401
83,khandyga,62.6667,135.6,-3.45,90,100,1.42,RU,1712627443
84,hermanus,-34.4187,19.2345,14.33,84,28,2.37,ZA,1712627673
85,porto novo,6.4965,2.6036,27.9,79,100,3.24,BJ,1712627673
86,nova sintra,14.8667,-24.7167,22.91,74,1,6.68,CV,1712627673
87,jayapura,-2.5333,140.7,26.66,94,100,1.12,ID,1712627673
88,west island,-12.1568,96.8225,27.99,78,100,6.69,CC,1712627460
89,afaahiti,-17.75,-149.2833,28.93,82,93,5.37,PF,1712627673
90,toliara,-23.35,43.6667,22.45,79,71,3.35,MG,1712627673
91,lensk,60.7253,114.9278,-3.22,87,100,2.26,RU,1712627673
92,kalemie,-5.9475,29.1947,20.78,92,69,1.92,CD,1712627673
93,taiping,4.85,100.7333,29.89,73,100,0.51,MY,1712627673
94,usogorsk,63.4106,48.6872,-15.19,100,84,1.75,RU,1712627448
95,labuan bajo,-8.4964,119.8877,28.38,78,100,1.59,ID,1712627673
96,akureyri,65.6835,-18.0878,-0.04,86,100,5.66,IS,1712627598
97,bredasdorp,-34.5322,20.0403,16.24,81,100,4.15,ZA,1712627674
98,dudinka,69.4058,86.1778,-12.96,95,98,4.92,RU,1712627674
99,puerto el triunfo,13.2833,-88.55,28.96,77,22,3.48,SV,1712627486
100,whitehorse,60.7161,-135.0538,5.43,33,75,2.57,CA,1712627674
101,crane,31.3974,-102.3501,22.9,11,62,1.94,US,1712627674
102,houghton,47.1219,-88.569,9.71,90,100,3.6,US,1712627407
103,howrah,22.5892,88.3103,26.0,65,40,2.06,IN,1712627674
104,alaghsas,17.0187,8.0168,28.39,12,100,6.79,NE,1712627674
105,katsuren-haebaru,26.3369,127.8719,22.21,85,20,6.69,JP,1712627674
106,sergeyevka,53.88,67.4158,2.05,88,97,3.88,KZ,1712627674
107,new norfolk,-42.7826,147.0587,14.84,60,72,3.79,AU,1712627674
108,sanming,26.2486,117.6186,16.46,93,100,1.12,CN,1712627674
109,santa terezinha,-29.9002,-50.0904,22.26,88,0,2.24,BR,1712627674
110,college,64.8569,-147.8028,2.47,66,75,3.6,US,1712627674
111,hpa-an,16.8906,97.6333,32.36,57,0,1.31,MM,1712627675
112,suva,-18.1416,178.4415,26.71,94,100,3.6,FJ,1712627675
113,idri,27.5,13.2667,17.65,19,52,4.04,LY,1712627675
114,amga,60.8953,131.9608,-2.83,89,100,1.74,RU,1712627675
115,northam,51.0333,-4.2167,8.14,95,100,15.9,GB,1712627675
116,tofol,5.3248,163.0078,28.88,84,100,5.14,FM,1712627675
117,belmonte,-15.8631,-38.8828,25.16,88,59,3.08,BR,1712627499
118,lebu,-37.6167,-73.65,12.21,84,100,6.98,CL,1712627675
119,ar ruways,24.1103,52.7306,26.07,50,99,4.08,AE,1712627675
120,ishikawa,26.4233,127.8214,22.18,85,20,6.71,JP,1712627675
121,mar del plata,-38.0023,-57.5575,19.41,88,0,7.6,AR,1712627451
122,klaksvik,62.2266,-6.589,5.51,87,99,9.07,FO,1712627675
123,nueva guinea,11.6876,-84.4562,23.85,84,84,2.52,NI,1712627675
124,puerto ayora,-0.7393,-90.3518,25.36,89,23,2.19,EC,1712627675
125,youssoufia,32.2463,-8.5294,13.82,88,6,7.57,MA,1712627676
126,klyuchi,52.2667,79.1667,10.59,81,100,4.61,RU,1712627449
127,sarangani,5.4033,125.4636,27.38,79,88,8.93,PH,1712627416
128,parabel',58.6978,81.4825,1.06,66,100,5.36,RU,1712627676
129,traben-trarbach,49.95,7.1167,22.5,34,0,6.69,DE,1712627676
130,uvalde,29.3669,-99.767,23.96,83,75,2.06,US,1712627676
131,mount gambier,-37.8333,140.7667,13.91,54,98,4.51,AU,1712627429
132,stanley,54.868,-1.6985,8.17,96,75,3.09,GB,1712627676
133,dawesville,30.9224,-84.0091,20.2,72,0,0.0,US,1712627676
134,talnakh,69.4865,88.3972,-8.33,91,99,3.27,RU,1712627676
135,rio cuarto,-33.1307,-64.3499,17.49,80,0,4.32,AR,1712627676
136,san andres,12.5847,-81.7006,29.01,79,20,6.17,CO,1712627677
137,sinabang,2.4803,96.3801,27.71,81,100,0.55,ID,1712627677
138,albertina,-22.2008,-46.6158,18.41,97,100,1.59,BR,1712627677
139,russas,-4.9403,-37.9758,24.23,97,100,1.3,BR,1712627677
140,chu,43.5983,73.7614,11.66,82,100,3.86,KZ,1712627677
141,nyandoma,61.669,40.1991,2.26,99,100,3.51,RU,1712627677
142,tura,25.5198,90.2201,30.35,30,55,0.52,IN,1712627677
143,badiyah,22.45,58.8,25.03,52,12,2.66,OM,1712627677
144,enewetak,11.3474,162.3373,27.44,78,100,9.22,MH,1712627677
145,lihue,21.9789,-159.3672,27.58,71,0,6.69,US,1712627677
146,tual,-5.6667,132.75,25.36,91,100,1.48,ID,1712627677
147,kapa'a,22.0752,-159.319,27.99,77,0,6.69,US,1712627402
148,ohara,35.25,140.3833,20.92,93,100,16.67,JP,1712627678
149,east london,-33.0153,27.9116,19.63,85,35,1.78,ZA,1712627678
150,ghat,24.9647,10.1728,22.79,11,43,2.23,LY,1712627678
151,livadeia,38.435,22.8739,9.97,60,0,2.97,GR,1712627678
152,rabaul,-4.1967,152.1721,28.5,73,85,3.05,PG,1712627678
153,as sulayyil,20.4607,45.5779,23.14,43,31,5.69,SA,1712627678
154,sanctuary point,-35.1114,150.629,19.3,89,100,7.5,AU,1712627678
155,duong dong,10.2167,103.9667,31.0,62,20,0.51,VN,1712627678
156,tazacorte,28.629,-17.9293,18.54,73,0,10.29,ES,1712627678
157,kodiak,57.79,-152.4072,1.73,55,100,5.66,US,1712627403
158,hamilton,39.1834,-84.5333,20.97,69,40,4.12,US,1712627678
159,acapulco de juarez,16.8634,-99.8901,22.67,77,4,3.95,MX,1712627528
160,weno,7.4515,151.8468,30.97,79,75,5.14,FM,1712627439
161,happy valley-goose bay,53.3168,-60.3315,-2.83,63,75,3.09,CA,1712627467
162,darovskoy,58.77,47.9564,3.81,90,98,3.41,RU,1712627679
163,tidjikja,18.5564,-11.4271,23.21,24,0,7.2,MR,1712627679
164,zaranj,30.9667,61.8833,20.49,31,99,8.87,AF,1712627679
165,adam,22.3756,57.5233,24.16,59,6,1.12,OM,1712627679
166,san luis,-33.295,-66.3356,17.98,55,3,0.56,AR,1712627679
167,chonchi,-42.6128,-73.8092,5.56,84,6,1.41,CL,1712627540
168,holualoa,19.6228,-155.9522,24.91,76,75,4.63,US,1712627679
169,chakia,26.4167,85.05,27.37,14,0,3.49,IN,1712627679
170,badger,64.8,-147.5333,2.77,65,75,3.6,US,1712627506
171,smithers,54.7804,-127.1743,7.18,45,75,1.54,CA,1712627679
172,inarajan village,13.2736,144.7484,31.54,81,58,6.97,GU,1712627679
173,balikpapan,-1.2675,116.8289,27.55,89,40,3.6,ID,1712627679
174,selfoss,63.9331,-20.9971,1.14,57,100,7.32,IS,1712627679
175,monrovia,6.3005,-10.7969,26.89,90,24,2.17,LR,1712627450
176,shizunai-furukawacho,42.3339,142.3669,6.21,92,100,9.75,JP,1712627680
177,soe,-9.8607,124.284,24.8,82,65,0.23,ID,1712627680
178,isafjordur,66.0755,-23.124,-4.48,88,99,7.79,IS,1712627443
179,tyazhinskiy,56.116,88.524,5.72,86,100,2.34,RU,1712627680
180,salinopolis,-0.6136,-47.3561,25.86,90,100,1.9,BR,1712627680
181,cabo san lucas,22.8909,-109.9124,22.56,69,75,10.28,MX,1712627396
182,penzance,50.1186,-5.5371,7.38,81,100,17.4,GB,1712627680
183,sorong,-0.8833,131.25,27.75,81,94,3.63,ID,1712627680
184,ola,59.5833,151.2833,-2.7,93,100,2.39,RU,1712627418
185,dryden,49.7833,-92.7503,2.16,100,100,3.09,CA,1712627680
186,elektrenai,54.7667,24.6333,16.07,88,89,4.75,LT,1712627680
187,hasaki,35.7333,140.8333,21.22,92,100,16.52,JP,1712627397
188,harrison,30.4091,-89.0436,22.04,87,100,6.17,US,1712627680
189,sawakin,19.1059,37.3321,25.26,55,100,3.19,SD,1712627680
190,medina,24.4686,39.6142,23.24,17,0,1.54,SA,1712627535
191,tsiombe,-25.3,45.4833,21.49,84,100,4.93,MG,1712627680
192,kifri,34.6959,44.9661,20.61,50,0,6.61,IQ,1712627680
193,madimba,-10.4,40.3333,25.62,100,40,1.03,TZ,1712627413
194,korla,41.7597,86.1469,14.76,35,0,1.4,CN,1712627681
195,kidal,18.4411,1.4078,29.25,7,53,3.58,ML,1712627681
196,merizo village,13.2658,144.6691,31.31,81,60,6.94,GU,1712627681
197,srandakan,-7.9386,110.2506,28.44,77,89,0.99,ID,1712627681
198,port lincoln,-34.7333,135.8667,16.27,50,81,5.74,AU,1712627496
199,el aioun,34.5832,-2.5061,14.63,70,100,3.02,MA,1712627681
200,spring ridge,39.4015,-77.3525,16.96,51,100,2.51,US,1712627681
201,luderitz,-26.6481,15.1594,14.14,87,3,3.71,NA,1712627681
202,fuglafjordur,62.244,-6.814,5.26,90,100,7.93,FO,1712627681
203,ancud,-41.8697,-73.8203,6.99,75,26,3.87,CL,1712627681
204,kavieng,-2.5744,150.7967,29.81,71,97,4.12,PG,1712627682
205,saudarkrokur,65.7461,-19.6394,-2.91,93,91,1.58,IS,1712627682
206,remire-montjoly,4.9167,-52.2667,27.02,83,75,4.12,GF,1712627494
207,pagar alam,-4.0167,103.2667,24.14,89,100,0.04,ID,1712627682
208,nicoya,10.1483,-85.452,28.29,63,100,4.78,CR,1712627682
209,pacific grove,36.6177,-121.9166,18.58,73,0,5.14,US,1712627493
210,baikonur,45.6167,63.3167,8.34,70,6,4.22,KZ,1712627682
211,jammalamadugu,14.8333,78.4,27.03,66,22,2.82,IN,1712627682
212,bumba,2.1833,22.4667,22.38,93,69,1.33,CD,1712627682
213,bathsheba,13.2167,-59.5167,26.34,78,20,2.06,BB,1712627682
214,gaiman,-43.2897,-65.4929,9.42,48,0,6.84,AR,1712627682
215,colonia,50.9333,6.95,18.66,63,0,7.2,DE,1712627658
216,port alfred,-33.5906,26.891,17.32,97,100,0.89,ZA,1712627682
217,geraldton,-28.7667,114.6,28.23,26,18,12.86,AU,1712627682
218,nagqu,31.5,92.0,0.48,26,100,3.28,CN,1712627682
219,la ronge,55.1001,-105.2842,8.14,57,75,2.57,CA,1712627682
220,port alberni,49.2413,-124.8028,9.51,94,100,2.24,CA,1712627683
221,caleta de carquin,-11.0925,-77.6267,22.11,83,99,4.17,PE,1712627683
222,kourou,5.1552,-52.6478,27.03,90,18,2.86,GF,1712627440
223,botou,38.0667,116.5667,12.61,25,82,5.91,CN,1712627683
224,ad dabbah,18.05,30.95,20.52,13,39,3.64,SD,1712627683
225,kununurra,-15.7667,128.7333,30.99,40,100,3.09,AU,1712627441
226,lijiang,26.8688,100.2207,16.13,50,8,2.77,CN,1712627683
227,qujing,25.4833,103.7833,20.5,48,0,3.79,CN,1712627683
228,qaqortoq,60.7167,-46.0333,-4.65,93,100,2.53,GL,1712627683
229,sitka,57.0531,-135.33,4.94,81,100,2.57,US,1712627683
230,natal,-5.795,-35.2094,28.12,83,40,1.03,BR,1712627631
231,waingapu,-9.6567,120.2641,28.93,73,100,0.76,ID,1712627683
232,kratie,12.4881,106.0188,33.41,44,72,2.44,KH,1712627683
233,tadine,-21.55,167.8833,27.5,68,46,6.33,NC,1712627683
234,tindouf,27.6711,-8.1474,19.25,52,0,7.2,DZ,1712627683
235,broome,42.2506,-75.833,12.23,62,100,2.06,US,1712627684
236,namdrik,5.5994,168.1028,27.7,84,100,8.14,MH,1712627684
237,wuwei,37.9281,102.6414,12.59,37,100,1.9,CN,1712627684
238,ponta delgada,37.7333,-25.6667,18.44,100,100,4.12,PT,1712627684
239,porcari,43.8441,10.6164,19.36,61,100,5.81,IT,1712627684
240,nizhnyaya poyma,56.1622,97.1933,2.75,66,82,3.18,RU,1712627684
241,gusinoozyorsk,51.2833,106.5,3.84,61,87,0.16,RU,1712627684
242,torremolinos,36.6204,-4.4998,16.32,55,0,7.72,ES,1712627684
243,villa dolores,-31.9459,-65.1896,15.93,68,0,2.49,AR,1712627482
244,markala,13.7021,-6.0659,32.58,29,59,2.99,ML,1712627684
245,brak,27.5496,14.2714,18.15,21,2,4.67,LY,1712627684
246,languyan,5.2618,120.0807,30.29,66,100,1.5,PH,1712627684
247,ulety,51.3572,112.4849,7.63,37,60,5.0,RU,1712627684
248,ostersund,63.1792,14.6357,4.25,75,76,3.09,SE,1712627561
249,altamira,-3.2033,-52.2064,23.48,99,100,0.94,BR,1712627685
250,carnarvon,-24.8667,113.6333,30.23,27,0,8.79,AU,1712627392
251,tromso,69.6496,18.957,1.01,93,75,3.6,NO,1712627685
252,zaozersk,69.4005,32.4476,-4.51,96,100,1.42,RU,1712627685
253,iskateley,67.6803,53.1512,-21.96,100,100,2.11,RU,1712627685
254,zmeinogorsk,51.1567,82.195,8.3,83,100,9.19,RU,1712627685
255,nyurba,63.2842,118.3319,-6.57,82,46,1.27,RU,1712627685
256,kwali,8.8672,7.005,29.94,61,100,2.68,NG,1712627685
257,ndele,8.4109,20.6473,25.48,48,45,1.46,CF,1712627685
258,kokpekty,48.75,82.4,5.25,82,100,0.72,KZ,1712627685
259,indore,22.7179,75.8333,25.1,57,2,3.09,IN,1712627685
260,inhambane,-23.865,35.3833,23.38,82,100,2.55,MZ,1712627460
261,hithadhoo,-0.6,73.0833,29.1,72,100,2.29,MV,1712627425
262,tiruchchendur,8.4833,78.1167,27.16,67,79,3.01,IN,1712627685
263,chipinge,-20.1883,32.6236,17.09,96,90,1.54,ZW,1712627685
264,shangzhi,45.2167,127.9667,5.37,18,0,3.46,CN,1712627686
265,al jawf,29.5,38.75,17.01,43,0,6.17,SA,1712627526
266,chinde,26.8418,88.0763,17.17,27,0,1.25,NP,1712627686
267,salacgriva,57.7536,24.3581,8.44,88,100,2.68,LV,1712627686
268,kerch,45.3583,36.4758,14.2,64,8,7.6,UA,1712627510
269,tabarka,36.9544,8.758,17.36,82,20,1.03,TN,1712627686
270,tenenkou,14.4572,-4.9169,33.19,27,90,2.31,ML,1712627686
271,longyearbyen,78.2186,15.6401,-14.09,78,75,2.06,SJ,1712627393
272,saint-francois,46.4154,3.9054,8.69,89,75,3.6,FR,1712627556
273,madras,13.0878,80.2785,29.99,78,40,2.06,IN,1712627516
274,maceio,-9.6658,-35.7353,25.69,88,0,1.03,BR,1712627553
275,hassi messaoud,31.6804,6.0729,22.92,9,0,2.06,DZ,1712627686
276,bergama,39.1207,27.1805,10.29,72,1,5.74,TR,1712627686
277,saint-pierre,-21.3393,55.4781,22.82,60,0,3.09,RE,1712627436
278,alvear,-29.0968,-56.5504,23.62,70,100,0.57,AR,1712627686
279,ebon,4.582,168.6964,27.1,85,100,7.91,MH,1712627686
280,lethbridge,49.7,-112.8186,9.27,43,40,10.29,CA,1712627475
281,antsiranana,-12.2787,49.2917,25.42,84,57,5.48,MG,1712627687
282,fougamou,-1.2154,10.5838,23.74,98,100,0.88,GA,1712627687
283,punta arenas,-53.15,-70.9167,4.06,81,75,9.77,CL,1712627687
284,abu qurqas,27.9312,30.8384,17.39,55,1,3.37,EG,1712627687
285,sandnessjoen,66.0217,12.6316,3.29,92,100,5.64,NO,1712627687
286,san antonio de pale,-1.4014,5.6325,28.0,78,100,4.12,GQ,1712627478
287,capinota,-17.7167,-66.2333,20.14,64,100,0.05,BO,1712627687
288,vila do maio,15.1333,-23.2167,21.44,74,4,8.59,CV,1712627687
289,vilyuchinsk,52.9306,158.4028,3.29,100,100,0.91,RU,1712627687
290,meadow lake,34.8014,-106.5436,14.91,15,100,5.2,US,1712627396
291,st. john's,47.5649,-52.7093,-0.68,93,100,8.75,CA,1712627673
292,vila franca do campo,37.7167,-25.4333,18.27,99,100,2.22,PT,1712627403
293,cuito,-12.3833,16.9333,15.08,97,82,1.71,AO,1712627687
294,caibarien,22.5206,-79.4669,23.62,74,69,9.05,CU,1712627488
295,tarawa,1.419,172.984,31.05,79,75,4.12,KI,1712627687
296,amungan,15.3652,119.9582,30.23,56,97,4.16,PH,1712627687
297,tral,33.9333,75.1,9.08,37,0,0.31,IN,1712627687
298,san jose del cabo,23.0589,-109.6977,22.55,68,100,1.85,MX,1712627591
299,lospalos,-8.5186,127.0025,29.51,62,14,0.79,TL,1712627533
300,galesong,-5.3166,119.3661,31.01,75,100,1.96,ID,1712627688
301,port-gentil,-0.7193,8.7815,27.2,82,100,2.1,GA,1712627405
302,kasson,44.03,-92.7507,8.75,84,100,1.54,US,1712627688
303,sola,-13.8833,167.55,27.97,75,66,5.86,VU,1712627688
304,mezhdurechenskiy,59.6,65.9333,-0.97,96,100,0.73,RU,1712627688
305,pitimbu,-7.4706,-34.8086,27.33,77,100,2.52,BR,1712627688
306,rio grande,-32.035,-52.0986,18.86,91,7,2.19,BR,1712627688
307,pisco,-13.7,-76.2167,22.03,83,0,6.69,PE,1712627420
308,mejit,10.2753,170.8646,26.74,81,100,11.07,MH,1712627688
309,utrik,11.2278,169.8474,26.7,82,92,10.44,MH,1712627688
310,lompoc,34.6391,-120.4579,19.32,70,0,8.49,US,1712627688
311,namibe,-15.1961,12.1522,21.67,81,100,2.36,AO,1712627688
312,carbonear,47.7332,-53.2148,0.23,87,100,8.19,CA,1712627689
313,guarapari,-20.6667,-40.4975,24.38,85,18,2.97,BR,1712627640
314,idfu,24.9803,32.8747,21.06,24,0,2.32,EG,1712627689
315,san juan del cesar,10.7711,-73.0031,26.53,70,100,3.09,CO,1712627689
316,lionel town,17.8101,-77.2406,29.94,75,98,2.54,JM,1712627689
317,charters towers,-20.1,146.2667,30.89,32,44,5.61,AU,1712627689
318,esbjerg,55.4667,8.45,11.05,94,97,4.63,DK,1712627689
319,alice springs,-23.7,133.8833,21.23,36,9,6.69,AU,1712627689
320,lhasa,29.65,91.1,3.74,65,92,0.04,CN,1712627689
321,morondava,-20.2833,44.2833,25.27,84,10,2.28,MG,1712627689
322,uliastay,47.7417,96.8444,3.37,65,88,1.79,MN,1712627690
323,sao felix do xingu,-6.6447,-51.995,23.06,98,71,0.05,BR,1712627690
324,sambava,-14.2667,50.1667,24.51,88,27,3.69,MG,1712627690
325,haiku-pauwela,20.9219,-156.3051,25.7,71,40,10.8,US,1712627690
326,takahashi,34.7833,133.6167,13.14,90,100,2.64,JP,1712627690
327,saipan,15.1355,145.701,31.39,1,40,8.23,MP,1712627551
328,sidrolandia,-20.9319,-54.9614,23.74,76,79,0.68,BR,1712627496
329,pucallpa,-8.3791,-74.5539,28.02,83,75,1.03,PE,1712627690
330,hafar al-batin,28.4328,45.9708,23.32,43,0,5.14,SA,1712627690
331,atafu village,-8.5421,-172.5159,30.04,74,23,4.9,TK,1712627690
332,itoman,26.1247,127.6694,22.01,85,75,8.23,JP,1712627393
333,greymouth,-42.4667,171.2,17.38,73,100,5.35,NZ,1712627527
334,puerto baquerizo moreno,-0.9,-89.6,25.49,88,12,2.69,EC,1712627690
335,kolpashevo,58.3131,82.9089,-1.05,82,100,3.13,RU,1712627690
336,chui,-33.6971,-53.4616,20.57,95,59,2.59,UY,1712627691
337,quellon,-43.1167,-73.6167,6.82,65,12,4.86,CL,1712627547
338,road town,18.4167,-64.6167,26.02,89,75,4.63,VG,1712627397
339,shawano,44.7822,-88.609,11.05,74,25,3.46,US,1712627691
340,kurumkan,54.3,110.3,0.63,55,7,1.79,RU,1712627691
341,saint-paul,-21.0096,55.2707,23.06,80,48,1.44,RE,1712627691
342,pagsangahan,13.2158,122.5431,28.55,71,65,1.02,PH,1712627691
343,codrington,-38.2667,141.9667,14.58,53,96,7.95,AU,1712627404
344,thunder bay,48.4001,-89.3168,3.99,93,100,3.09,CA,1712627483
345,hell-ville,-13.4,48.2667,27.32,80,25,1.64,MG,1712627466
346,kencong,-8.2833,113.3667,28.59,76,92,0.13,ID,1712627691
347,miquelon,47.0975,-56.3814,-1.0,74,43,7.73,PM,1712627691
348,oranjemund,-28.55,16.4333,14.16,89,2,1.92,NA,1712627691
349,nemuro,43.3236,145.575,1.27,98,100,11.08,JP,1712627478
350,ivolginsk,51.7492,107.2837,4.81,48,47,3.0,RU,1712627691
351,oxapampa,-10.5775,-75.4017,15.33,97,56,1.25,PE,1712627691
352,ivanava,52.1451,25.5365,12.58,84,6,3.06,BY,1712627691
353,kingston,17.997,-76.7936,29.53,71,20,5.14,JM,1712627573
354,kavaratti,10.5669,72.642,29.29,62,17,2.18,IN,1712627490
355,birpara,26.7042,89.1455,28.25,27,3,1.8,IN,1712627692
356,bichena,10.45,38.2,16.58,61,96,0.38,ET,1712627692
357,lianhe,47.1333,129.2667,5.95,22,0,3.73,CN,1712627701
358,prince rupert,54.3161,-130.3201,6.83,87,100,7.2,CA,1712627508
359,turaif,31.6725,38.6637,14.14,38,0,7.2,SA,1712627754
360,syumsi,57.1111,51.6149,4.07,96,100,3.51,RU,1712627768
361,castillos,-34.1667,-53.8333,18.48,97,15,1.09,UY,1712627793
362,lahad datu,5.0268,118.327,29.17,70,100,1.31,MY,1712627585
363,sur,22.5667,59.5289,27.11,58,18,3.32,OM,1712627813
364,bubaque,11.2833,-15.8333,24.87,70,96,5.57,GW,1712627814
365,igarka,67.4667,86.5833,-10.0,89,100,5.44,RU,1712627814
366,kapuskasing,49.4169,-82.4331,11.0,35,75,4.12,CA,1712627679
367,kailua-kona,19.6406,-155.9956,26.98,77,75,4.63,US,1712627814
368,mbala,-8.8402,31.3659,16.16,93,99,1.4,ZM,1712627814
369,shamkhal,43.0596,47.3373,8.99,83,72,5.03,RU,1712627814
370,atlanta,33.749,-84.388,21.19,62,20,0.89,US,1712627540
371,vanimo,-2.6741,141.3028,25.58,95,100,1.81,PG,1712627814
372,xinyuan,37.3,99.0,-1.68,92,100,2.15,CN,1712627814
373,kampung pasir gudang baru,1.4726,103.878,31.08,75,75,2.57,MY,1712627814
374,arar,30.9753,41.0381,17.01,23,0,3.6,SA,1712627814
375,okhotsk,59.3833,143.3,-1.53,76,20,3.46,RU,1712627814
376,diego de almagro,-26.3667,-70.05,17.22,51,0,0.32,CL,1712627814
377,victorica,-36.2151,-65.4359,20.22,33,14,4.24,AR,1712627814
378,gizo,-8.103,156.8419,29.15,74,89,4.3,SB,1712627814
379,qamdo,31.1667,97.2333,2.88,34,70,3.82,CN,1712627548
380,arak,34.0917,49.6892,12.21,44,77,1.19,IR,1712627815
381,breves,-1.6822,-50.4803,23.83,97,96,1.54,BR,1712627815
382,naze,28.3667,129.4833,20.51,63,80,10.69,JP,1712627815
383,tolanaro,-25.0319,46.9987,22.04,88,75,2.06,MG,1712627815
384,brookings,44.3114,-96.7984,4.5,95,75,5.66,US,1712627620
385,kiama,-34.6833,150.8667,19.44,84,98,2.24,AU,1712627815
386,mosjoen,65.836,13.1908,3.29,100,100,2.24,NO,1712627815
387,west helena,34.5507,-90.6418,20.86,93,100,6.81,US,1712627815
388,midvagur,62.0511,-7.1939,5.46,93,100,8.23,FO,1712627815
389,port saint john's,-31.6229,29.5448,20.46,86,87,3.1,ZA,1712627815
390,les anglais,18.3054,-74.2197,25.05,84,44,0.16,HT,1712627815
391,tandur,17.2333,77.5833,26.04,66,5,6.81,IN,1712627815
392,soro,21.2881,86.6858,29.57,33,68,1.91,IN,1712627815
393,idrinskoye,54.3708,92.1358,2.2,79,85,1.82,RU,1712627816
394,salalah,17.0151,54.0924,26.37,70,100,2.55,OM,1712627816
395,nadym,65.5333,72.5167,-19.46,88,6,4.01,RU,1712627816
396,nieuw amsterdam,5.8833,-55.0833,27.09,82,48,4.64,SR,1712627816
397,mount pearl,47.5166,-52.7813,-1.14,94,100,8.75,CA,1712627816
398,hammerfest,70.6634,23.6821,-1.75,93,100,2.06,NO,1712627816
399,cizre,37.3272,42.1903,14.82,69,91,3.03,TR,1712627816
400,saurimo,-9.6608,20.3916,18.91,98,100,1.59,AO,1712627816
401,namtsy,62.7161,129.6658,-2.21,84,100,2.5,RU,1712627816
402,olyokminsk,60.3736,120.4264,0.31,90,100,1.25,RU,1712627816
403,the pas,53.8251,-101.2541,13.01,22,0,3.09,CA,1712627816
404,coyhaique,-45.5752,-72.0662,3.34,75,0,0.51,CL,1712627665
405,verkhnevilyuysk,63.4453,120.3167,-6.38,86,27,1.41,RU,1712627816
406,awjilah,29.1081,21.2869,14.6,54,0,4.35,LY,1712627816
407,lobujya,27.95,86.8167,-14.83,41,0,0.62,NP,1712627817
408,zemio,5.0314,25.1361,21.01,72,26,1.38,CF,1712627817
409,geneseo,42.7959,-77.8169,12.19,66,33,2.92,US,1712627817
410,simanggang,1.2472,111.4528,26.99,89,40,3.09,MY,1712627817
411,rocky mountain house,52.3668,-114.9188,10.06,32,100,5.14,CA,1712627817
412,flying fish cove,-10.4217,105.6791,28.82,74,75,4.12,CX,1712627817
413,barcelos,41.5388,-8.6151,8.16,87,2,1.74,PT,1712627700
414,lata,40.1629,-8.3327,7.26,90,0,1.43,PT,1712627817
415,la passe,45.5549,-0.8967,10.55,73,7,8.62,FR,1712627817
416,zabol,32.25,67.25,13.38,29,57,1.51,AF,1712627642
417,cabedelo,-6.9811,-34.8339,27.37,79,100,2.17,BR,1712627817
418,el granada,37.5027,-122.4694,19.01,67,0,10.8,US,1712627817
419,arafat,21.3594,39.9664,26.9,33,91,1.86,SA,1712627817
420,pervomayskoye,43.919,46.7102,9.11,58,56,5.0,RU,1712627818
421,padang,-0.9492,100.3543,30.03,69,90,1.09,ID,1712627818
422,san luis de la loma,17.2706,-100.8939,24.66,75,60,3.49,MX,1712627818
423,kolwezi,-10.7148,25.4667,16.57,96,100,0.65,CD,1712627818
424,rakops,-21.0167,24.3333,20.82,82,26,1.89,BW,1712627818
425,saint-philippe,-21.3585,55.7679,22.77,81,66,1.97,RE,1712627818
426,gurupi,-11.7292,-49.0686,24.34,89,95,0.75,BR,1712627818
427,mulanje,-16.0316,35.5,20.26,96,59,0.9,MW,1712627818
428,kone,-21.0595,164.8658,33.5,40,46,3.75,NC,1712627818
429,kurmuk,10.55,34.2833,23.89,18,46,1.76,SD,1712627818
430,imbituba,-28.24,-48.6703,21.27,95,14,1.49,BR,1712627818
431,misliyah,17.4599,42.5572,28.51,58,97,2.6,SA,1712627818
432,hit,33.6416,42.8251,21.24,50,0,4.7,IQ,1712627818
433,sidi amrane,33.4989,6.008,22.24,10,100,2.56,DZ,1712627818
434,myanaung,18.2833,95.3167,32.18,54,22,3.11,MM,1712627818
435,itamaraca,-7.7478,-34.8256,29.03,79,100,1.88,BR,1712627818
436,simplicio mendes,-7.8539,-41.9103,24.15,70,57,1.17,BR,1712627818
437,vigan,17.5747,120.3869,29.96,87,3,4.54,PH,1712627819
438,mount isa,-20.7333,139.5,27.87,28,30,8.23,AU,1712627819
439,wichita falls,33.9137,-98.4934,21.08,49,40,4.63,US,1712627712
440,praia da vitoria,38.7333,-27.0667,18.14,88,75,6.15,PT,1712627819
441,ak-suu,42.4995,78.527,7.0,42,54,0.65,KG,1712627819
442,behbahan,30.5959,50.2417,24.26,42,100,2.01,IR,1712627819
443,yuzhno-kurilsk,44.0306,145.8556,1.32,98,100,9.88,RU,1712627819
444,aljezur,37.3191,-8.8033,9.24,77,0,5.31,PT,1712627819
445,minas de marcona,-15.2119,-75.1103,17.51,86,80,5.08,PE,1712627819
446,polyarnyy,69.1989,33.4478,-4.0,95,100,4.16,RU,1712627819
447,port moresby,-9.4431,147.1797,29.28,71,90,2.58,PG,1712627758
448,bambanglipuro,-7.95,110.2833,28.51,76,88,1.06,ID,1712627819
449,rundu,-17.9333,19.7667,18.99,87,38,1.7,NA,1712627819
450,hirara,24.8,125.2833,23.15,83,75,6.69,JP,1712627819
451,hilo,19.7297,-155.09,25.16,89,100,1.54,US,1712627520
452,kerikeri,-35.2268,173.9474,23.84,74,88,3.7,NZ,1712627819
453,puerto yuca,2.9383,-73.2083,24.41,88,85,0.71,CO,1712627820
454,sampit,-2.5333,112.95,25.47,96,100,1.42,ID,1712627820
455,ta`u,-14.2336,-169.5144,29.26,76,95,4.84,AS,1712627820
456,al ghayzah,16.2079,52.176,26.41,72,83,4.47,YE,1712627820
457,antonio enes,-16.2325,39.9086,23.55,92,44,2.52,MZ,1712627820
458,lockwood,45.8191,-108.4149,11.34,42,75,2.57,US,1712627820
459,mugia,43.1041,-9.2179,11.06,64,8,6.38,ES,1712627820
460,uturoa,-16.7333,-151.4333,29.21,77,88,4.83,PF,1712627820
461,moussoro,13.6408,16.4901,26.94,13,8,4.77,TD,1712627820
462,tukrah,32.5341,20.5791,16.56,71,0,7.64,LY,1712627820
463,brokopondo,4.75,-55.1667,26.2,74,13,4.96,SR,1712627820
464,plastun,44.7561,136.2939,5.6,25,0,4.61,RU,1712627820
465,seguela,7.9611,-6.6731,25.3,80,100,2.89,CI,1712627820
466,mezhdurechensk,53.6942,88.0603,6.9,87,100,1.56,RU,1712627820
467,itaituba,-4.2761,-55.9836,23.54,99,100,0.5,BR,1712627820
468,auki,-8.7676,160.7034,31.57,63,48,2.13,SB,1712627821
469,calvinia,-31.4707,19.776,12.64,86,100,3.43,ZA,1712627821
470,shenjiamen,29.9576,122.298,13.46,71,27,5.6,CN,1712627821
471,el empalme,-40.7226,-64.9922,15.94,40,3,15.06,AR,1712627821
472,embi,48.8264,58.1442,7.65,83,100,3.84,KZ,1712627821
473,berdigestyakh,62.0989,126.6992,-2.25,88,100,2.61,RU,1712627821
474,rawson,-43.3002,-65.1023,10.36,48,2,9.05,AR,1712627821
475,alibag,18.6411,72.8792,27.04,72,0,4.59,IN,1712627821
476,cururupu,-1.8283,-44.8683,23.91,100,100,0.26,BR,1712627821
477,lazaro cardenas,17.9583,-102.2,23.32,81,100,3.22,MX,1712627771
478,bongaree,-27.0797,153.1586,27.99,51,100,3.6,AU,1712627821
479,el jadid,33.2549,-8.506,16.87,74,73,10.66,MA,1712627821
480,yugorsk,61.3133,63.3319,-5.06,98,100,2.3,RU,1712627821
481,mirnyy,62.5353,113.9611,-6.87,78,11,2.1,RU,1712627576
482,praia,14.9215,-23.5087,21.3,68,20,8.23,CV,1712627822
483,arraias,-12.9288,-46.9437,21.4,86,83,1.19,BR,1712627822
484,vilyuysk,63.7553,121.6247,-6.99,80,32,1.34,RU,1712627822
485,luanda,-8.8368,13.2343,26.0,85,20,1.54,AO,1712627766
486,punta del este,-34.9667,-54.95,20.06,93,20,3.09,UY,1712627822
487,wajir,1.7471,40.0573,25.6,80,100,2.72,KE,1712627822
488,nan,18.8333,100.6667,27.01,74,12,0.0,TH,1712627822
489,baruun-urt,46.6806,113.2792,9.53,33,98,4.61,MN,1712627822
490,essaouira,31.5125,-9.77,17.72,63,2,8.23,MA,1712627592
491,martapura,-3.4167,114.85,28.34,86,91,1.41,ID,1712627822
492,palu,-0.8917,119.8707,31.62,68,99,1.0,ID,1712627822
493,bazarak,35.3129,69.5152,5.25,41,36,4.97,AF,1712627822
494,villa luvianos,18.9167,-100.4,22.87,21,98,0.22,MX,1712627822
495,uyuni,-20.4597,-66.825,13.64,28,9,0.84,BO,1712627823
496,spring creek,40.7266,-115.5859,7.83,45,24,3.39,US,1712627823
497,ain sefra,32.75,-0.5833,14.04,47,100,4.08,DZ,1712627823
498,n'zeto,-7.2312,12.8666,26.05,86,95,1.16,AO,1712627823
499,touros,-5.1989,-35.4608,25.53,89,100,1.69,BR,1712627823
500,new plymouth,-39.0667,174.0833,20.45,80,44,4.98,NZ,1712627823
501,tamiahua,21.2667,-97.45,24.75,93,1,5.11,MX,1712627823
502,lerwick,60.1545,-1.1494,8.0,86,100,4.93,GB,1712627823
503,rumson,40.3721,-73.999,15.25,69,100,3.18,US,1712627823
504,anacapri,40.5558,14.2136,15.12,69,100,3.91,IT,1712627823
505,wanganui,-39.9333,175.05,21.51,46,16,4.56,NZ,1712627693
506,bernsdorf,51.3667,14.0667,19.45,79,44,3.27,DE,1712627823
507,deqing,30.5448,119.9599,18.3,59,3,0.64,CN,1712627823
508,gorontalo,0.5412,123.0595,31.21,66,66,1.29,ID,1712627823
509,tanout,14.9709,8.8879,29.08,16,76,4.4,NE,1712627824
510,cantonment,31.5239,74.3764,19.99,56,20,0.0,PK,1712627824
511,kalyazin,57.2403,37.8433,6.7,90,96,2.41,RU,1712627824
512,trujillo,-8.116,-79.03,20.98,83,20,4.63,PE,1712627539
513,kalabo,-14.97,22.6814,19.71,93,100,2.08,ZM,1712627824
514,nantucket,41.2835,-70.0995,8.03,76,0,6.17,US,1712627824
515,zapata,26.9073,-99.2714,28.06,65,0,3.09,US,1712627824
516,balykshi,47.0667,51.8667,5.0,93,100,2.0,KZ,1712627824
517,entebbe,0.0644,32.4469,20.89,84,100,1.41,UG,1712627824
518,kharovsk,59.9642,40.1912,5.9,90,100,3.32,RU,1712627824
519,bereznik,62.8551,42.7072,-1.3,98,100,1.24,RU,1712627824
520,havre,49.5833,0.3333,9.08,71,100,10.29,FR,1712627824
521,banamba,13.55,-7.45,29.07,18,100,4.0,ML,1712627824
522,czaplinek,53.5578,16.2333,13.75,78,51,2.34,PL,1712627824
523,olinda,-8.0089,-34.8553,28.85,74,0,2.06,BR,1712627726
524,bei'an,24.5399,109.533,20.85,64,76,4.71,CN,1712627825
525,teguise,29.0605,-13.564,17.12,72,20,11.83,ES,1712627825
526,karasburg,-28.0167,18.75,9.74,89,0,3.34,NA,1712627825
527,puerto carreno,6.189,-67.4859,31.8,47,74,3.31,CO,1712627825
528,ixtapa,20.7,-105.2,22.35,83,99,0.87,MX,1712627825
529,pathein,16.7833,94.7333,32.12,52,11,3.51,MM,1712627825
530,chibougamau,49.9168,-74.3659,0.79,51,0,2.06,CA,1712627825
531,kisangani,0.5167,25.2,21.66,92,86,1.01,CD,1712627825
532,ust-nera,64.5667,143.2,-7.03,86,100,2.35,RU,1712627825
533,borzya,50.3833,116.5167,5.23,44,95,5.56,RU,1712627825
534,bemidji,47.4736,-94.8803,3.92,99,100,1.54,US,1712627641
535,hede,33.7681,120.2517,16.57,42,100,3.44,CN,1712627825
536,timbuktu,16.7735,-3.0074,31.46,27,100,3.63,ML,1712627825
537,cadale,2.7603,46.3222,28.7,75,98,3.41,SO,1712627826
538,axim,4.8699,-2.2405,27.68,85,100,2.38,GH,1712627826
539,gambiran satu,-8.3939,114.1464,30.02,68,87,1.67,ID,1712627826
540,iquitos,-3.7481,-73.2472,25.02,88,75,4.63,PE,1712627826
541,pachino,36.7186,15.0907,14.83,87,21,3.6,IT,1712627614
542,petrolina de goias,-16.095,-49.3381,24.61,94,69,0.48,BR,1712627826
543,vorgashor,67.5833,63.95,-24.0,100,100,1.57,RU,1712627826
544,laurel,39.0993,-76.8483,17.74,61,0,2.06,US,1712627826
545,aldinga beach,-35.2793,138.4604,18.2,50,44,6.17,AU,1712627826
546,nao me toque,-28.4592,-52.8208,19.66,90,0,1.03,BR,1712627582
547,tucuma,-0.1833,-50.05,24.99,94,100,2.26,BR,1712627826
548,gewane,10.1664,40.6453,26.03,68,25,0.87,ET,1712627826
549,ishigaki,24.3448,124.1572,22.07,88,75,5.14,JP,1712627826
550,alo,7.4178,6.7371,26.88,79,100,1.8,NG,1712627826
551,monte alegre de sergipe,-10.0272,-37.5622,23.32,96,5,2.17,BR,1712627826
552,jumla,29.2747,82.1838,9.0,28,0,1.08,NP,1712627827
553,fortuna foothills,32.6578,-114.4119,25.05,12,0,4.63,US,1712627827
554,turiacu,-1.6633,-45.3717,24.7,97,100,0.85,BR,1712627827
555,alto barinas,8.5931,-70.2261,30.02,45,100,1.86,VE,1712627827
556,puerto ayacucho,5.6639,-67.6236,29.09,59,36,2.21,VE,1712627827
557,nishinoomote,30.7333,131.0,17.31,100,75,2.06,JP,1712627827
558,buga,3.9009,-76.2978,25.84,93,100,0.32,CO,1712627827
559,luganville,-15.5333,167.1667,29.18,66,20,2.78,VU,1712627827
560,rongelap,11.1635,166.8941,26.96,80,99,9.68,MH,1712627827
